Title,URL,Upvote Ratio (%),Net Score,# of Upvotes,# of Downvotes,Year Posted,Month Posted,Day Posted,Self Post?,Video Post?
Japanese firm gives non-smokers extra six days holiday to compensate for cigarette break,http://www.independent.co.uk/news/world/asia/japanese-firm-piala-inc-tokyo-non-smokers-extra-six-days-holiday-cigarette-break-a8028541.html,94.0,124098.0,132559.0,8461.0,2017.0,10.0,31.0,0.0,0.0
Chester Bennington of Linkin Park commits suicide,http://wtkr.com/2017/07/20/tmz-report-chester-bennington-of-linkin-park-commits-suicide/,84.0,123594.0,152674.0,29080.0,2017.0,7.0,20.0,0.0,0.0
U.S. President Donald Trump fired the federal government's top lawyer Sally Yates on Monday after she took the extraordinarily rare step of defying the White House and refused to defend new travel restrictions targeting seven Muslim-majority nations.,http://www.reuters.com/article/us-usa-trump-immigration-idUSKBN15E1DE,81.0,121528.0,158770.0,37242.0,2017.0,1.0,31.0,0.0,0.0
James Comey terminated as Director of FBI,http://abcn.ws/2qPcnnU,88.0,110066.0,127444.0,17378.0,2017.0,5.0,9.0,0.0,0.0
"American Icon and Playboy Founder, Hugh M. Hefner, Has Died",http://www.prnewswire.com/news-releases/american-icon-and-playboy-founder-hugh-m-hefner-has-died-300527267.html,84.0,108129.0,133571.0,25442.0,2017.0,9.0,28.0,0.0,0.0
"Pet Store Bill Passes California Senate 38 to 0. It bans the sale of dogs, cats and rabbits sourced from high-volume, commercial breeding facilities, known as mills, in all pet shops throughout the state.",https://lbpost.com/life/pets/2000011459-pet-store-bill-passes-california-senate-38-to-0,92.0,106867.0,117044.0,10177.0,2017.0,9.0,13.0,0.0,0.0
CNN banned from White House press briefing,http://money.cnn.com/2017/02/24/media/cnn-blocked-white-house-gaggle/index.html,84.0,102359.0,126443.0,24084.0,2017.0,2.0,24.0,0.0,0.0
Boy who suffered up to 100 seizures a day has none in 300 days after being prescribed cannabis oil,https://www.independent.co.uk/news/uk/home-news/billy-caldwell-cannabis-oil-boy-seizures-stopped-cured-prescription-medical-marijuana-a7933066.html,83.0,101361.0,127469.0,26108.0,2017.0,9.0,7.0,0.0,0.0
YouTube star Daddyofive loses custody of two children featured in 'prank' video.,http://www.independent.co.uk/life-style/gadgets-and-tech/news/youtube-daddyofive-cody-videos-watch-children-custody-latest-prank-parents-a7713376.html,89.0,100907.0,115137.0,14230.0,2017.0,5.0,2.0,0.0,0.0
Carrie Fisher Dies at 60,http://people.com/movies/carrie-fisher-dies/,81.0,99276.0,129699.0,30423.0,2016.0,12.0,27.0,0.0,0.0
Trump revealed highly classified information to Russian foreign minister and ambassador,http://wapo.st/2pPSCIo,69.0,92225.0,167461.0,75236.0,2017.0,5.0,15.0,0.0,0.0
Hate crime charges filed against 4 in torture of teen,http://abc7chicago.com/news/4-charged-with-hate-crimes-in-torture-of-teen-in-facebook-live-video/1687517/,87.0,90947.0,106924.0,15977.0,2017.0,1.0,5.0,0.0,0.0
Corey Feldman launches campaign to expose Hollywood pedophile ring,http://movieweb.com/amp/corey-feldman-truth-campaign-expose-hollywood-pedophile-ring/,88.0,88335.0,102282.0,13947.0,2017.0,10.0,25.0,0.0,0.0
Comcast asks the FCC to prohibit states from enforcing net neutrality,https://arstechnica.com/tech-policy/2017/11/comcast-asks-the-fcc-to-prohibit-states-from-enforcing-net-neutrality/,92.0,88198.0,96597.0,8399.0,2017.0,11.0,4.0,0.0,0.0
Trump withdrawing US from Paris climate agreement,http://abcnews.go.com/Politics/trump-withdrawing-us-paris-climate-agreement/story?id=47767077,80.0,86998.0,115997.0,28999.0,2017.0,6.0,1.0,0.0,0.0
Record 9 million comments flood FCC on net neutrality,https://www.usatoday.com/story/tech/news/2017/07/19/record-9-million-comments-flood-fcc-net-neutrality/488042001/,91.0,86035.0,95477.0,9442.0,2017.0,7.0,22.0,0.0,0.0
Japanese firm gives non-smokers extra six days holiday to compensate for cigarette break,http://www.independent.co.uk/news/world/asia/japanese-firm-piala-inc-tokyo-non-smokers-extra-six-days-holiday-cigarette-break-a8028541.html,94.0,124095.0,132556.0,8461.0,2017.0,10.0,31.0,0.0,0.0
Chester Bennington of Linkin Park commits suicide,http://wtkr.com/2017/07/20/tmz-report-chester-bennington-of-linkin-park-commits-suicide/,84.0,123597.0,152678.0,29081.0,2017.0,7.0,20.0,0.0,0.0
U.S. President Donald Trump fired the federal government's top lawyer Sally Yates on Monday after she took the extraordinarily rare step of defying the White House and refused to defend new travel restrictions targeting seven Muslim-majority nations.,http://www.reuters.com/article/us-usa-trump-immigration-idUSKBN15E1DE,81.0,121538.0,158783.0,37245.0,2017.0,1.0,31.0,0.0,0.0
James Comey terminated as Director of FBI,http://abcn.ws/2qPcnnU,88.0,110059.0,127436.0,17377.0,2017.0,5.0,9.0,0.0,0.0
"American Icon and Playboy Founder, Hugh M. Hefner, Has Died",http://www.prnewswire.com/news-releases/american-icon-and-playboy-founder-hugh-m-hefner-has-died-300527267.html,84.0,108124.0,133564.0,25440.0,2017.0,9.0,28.0,0.0,0.0
"Pet Store Bill Passes California Senate 38 to 0. It bans the sale of dogs, cats and rabbits sourced from high-volume, commercial breeding facilities, known as mills, in all pet shops throughout the state.",https://lbpost.com/life/pets/2000011459-pet-store-bill-passes-california-senate-38-to-0,92.0,106871.0,117049.0,10178.0,2017.0,9.0,13.0,0.0,0.0
CNN banned from White House press briefing,http://money.cnn.com/2017/02/24/media/cnn-blocked-white-house-gaggle/index.html,84.0,102366.0,126452.0,24086.0,2017.0,2.0,24.0,0.0,0.0
Boy who suffered up to 100 seizures a day has none in 300 days after being prescribed cannabis oil,https://www.independent.co.uk/news/uk/home-news/billy-caldwell-cannabis-oil-boy-seizures-stopped-cured-prescription-medical-marijuana-a7933066.html,83.0,101366.0,127475.0,26109.0,2017.0,9.0,7.0,0.0,0.0
YouTube star Daddyofive loses custody of two children featured in 'prank' video.,http://www.independent.co.uk/life-style/gadgets-and-tech/news/youtube-daddyofive-cody-videos-watch-children-custody-latest-prank-parents-a7713376.html,89.0,100904.0,115134.0,14230.0,2017.0,5.0,2.0,0.0,0.0
Carrie Fisher Dies at 60,http://people.com/movies/carrie-fisher-dies/,81.0,99273.0,129695.0,30422.0,2016.0,12.0,27.0,0.0,0.0
Japanese firm gives non-smokers extra six days holiday to compensate for cigarette break,http://www.independent.co.uk/news/world/asia/japanese-firm-piala-inc-tokyo-non-smokers-extra-six-days-holiday-cigarette-break-a8028541.html,94.0,124093.0,132553.0,8460.0,2017.0,10.0,31.0,0.0,0.0
Chester Bennington of Linkin Park commits suicide,http://wtkr.com/2017/07/20/tmz-report-chester-bennington-of-linkin-park-commits-suicide/,84.0,123588.0,152667.0,29079.0,2017.0,7.0,20.0,0.0,0.0
U.S. President Donald Trump fired the federal government's top lawyer Sally Yates on Monday after she took the extraordinarily rare step of defying the White House and refused to defend new travel restrictions targeting seven Muslim-majority nations.,http://www.reuters.com/article/us-usa-trump-immigration-idUSKBN15E1DE,81.0,121536.0,158780.0,37244.0,2017.0,1.0,31.0,0.0,0.0
James Comey terminated as Director of FBI,http://abcn.ws/2qPcnnU,88.0,110068.0,127447.0,17379.0,2017.0,5.0,9.0,0.0,0.0
"American Icon and Playboy Founder, Hugh M. Hefner, Has Died",http://www.prnewswire.com/news-releases/american-icon-and-playboy-founder-hugh-m-hefner-has-died-300527267.html,84.0,108124.0,133564.0,25440.0,2017.0,9.0,28.0,0.0,0.0
"Pet Store Bill Passes California Senate 38 to 0. It bans the sale of dogs, cats and rabbits sourced from high-volume, commercial breeding facilities, known as mills, in all pet shops throughout the state.",https://lbpost.com/life/pets/2000011459-pet-store-bill-passes-california-senate-38-to-0,92.0,106872.0,117050.0,10178.0,2017.0,9.0,13.0,0.0,0.0
CNN banned from White House press briefing,http://money.cnn.com/2017/02/24/media/cnn-blocked-white-house-gaggle/index.html,84.0,102363.0,126448.0,24085.0,2017.0,2.0,24.0,0.0,0.0
Boy who suffered up to 100 seizures a day has none in 300 days after being prescribed cannabis oil,https://www.independent.co.uk/news/uk/home-news/billy-caldwell-cannabis-oil-boy-seizures-stopped-cured-prescription-medical-marijuana-a7933066.html,83.0,101359.0,127466.0,26107.0,2017.0,9.0,7.0,0.0,0.0
YouTube star Daddyofive loses custody of two children featured in 'prank' video.,http://www.independent.co.uk/life-style/gadgets-and-tech/news/youtube-daddyofive-cody-videos-watch-children-custody-latest-prank-parents-a7713376.html,89.0,100902.0,115131.0,14229.0,2017.0,5.0,2.0,0.0,0.0
Carrie Fisher Dies at 60,http://people.com/movies/carrie-fisher-dies/,81.0,99278.0,129701.0,30423.0,2016.0,12.0,27.0,0.0,0.0
